{
  "configVersion": 1,
  "timestamp": 1594193789696,
  "index": "/index.html",
  "assetGroups": [
    {
      "name": "app",
      "installMode": "prefetch",
      "updateMode": "prefetch",
      "urls": [
        "/0.f90c49af21257bb5f813.js",
        "/10.30b0db97d036b1c4be00.js",
        "/11.e19a9a846f6ff3d638cc.js",
        "/12.eb749da38bc98ad38fad.js",
        "/2.efad254e34e4830f4149.js",
        "/7.a0866fbc64d46854aa91.js",
        "/8.2a290bad16b5edb20eab.js",
        "/9.819a8c304cb0599bffb5.js",
        "/favicon.ico",
        "/index.html",
        "/main.79d266c8b75143b65ce9.js",
        "/manifest.webmanifest",
        "/polyfills-es5.557fd0845f45f40a942a.js",
        "/polyfills.9e7749f3ca7df7e2528e.js",
        "/runtime.f28f05fb3ce2d83aa407.js",
        "/styles.1b5a8d47fa6e37e291dd.css"
      ],
      "patterns": []
    },
    {
      "name": "assets",
      "installMode": "lazy",
      "updateMode": "prefetch",
      "urls": [
        "/assets/i18n/es.json",
        "/assets/icons/icon-128x128.png",
        "/assets/icons/icon-144x144.png",
        "/assets/icons/icon-152x152.png",
        "/assets/icons/icon-192x192.png",
        "/assets/icons/icon-384x384.png",
        "/assets/icons/icon-512x512.png",
        "/assets/icons/icon-72x72.png",
        "/assets/icons/icon-96x96.png",
        "/assets/images/404.json",
        "/assets/images/computer.svg",
        "/assets/images/footer.jpg",
        "/assets/images/header.jpg",
        "/assets/images/loading-color.svg",
        "/assets/images/loading.svg",
        "/assets/images/logo-app-argentina.png",
        "/footer.b33e4807679f341b9556.jpg",
        "/loading-color.92bbc04f203c51ccf76e.svg"
      ],
      "patterns": []
    }
  ],
  "dataGroups": [],
  "hashTable": {
    "/0.f90c49af21257bb5f813.js": "e353c5b0a17de50567ee556f538f97b21f313814",
    "/10.30b0db97d036b1c4be00.js": "8b9a3040cf8a03304fc6f02433f82092613d8029",
    "/11.e19a9a846f6ff3d638cc.js": "8c98f8a3480e8b880a554a4de021ebb2dde12e36",
    "/12.eb749da38bc98ad38fad.js": "b9369cb4786ceaf0b131d1bdde68b1960eedaf86",
    "/2.efad254e34e4830f4149.js": "808040e7a3469d2e788d13b95d395ecd38cf206a",
    "/7.a0866fbc64d46854aa91.js": "c47750a030c0c0878344823a2f293596e9aa3bf6",
    "/8.2a290bad16b5edb20eab.js": "cc02e2a2f6680c9ad2b03ac92a3fa59ec7926f07",
    "/9.819a8c304cb0599bffb5.js": "3d035db94f3d98b910d99a8da2c563ee9cb87d46",
    "/assets/i18n/es.json": "fb3443d03ff3e2bec2d142407915886563de1a4a",
    "/assets/icons/icon-128x128.png": "b50f854e88a4bcec8f1f157f81a488c4fc61f52d",
    "/assets/icons/icon-144x144.png": "3926ef835854c45ea7b3f097585bcc4bb4ee3a7d",
    "/assets/icons/icon-152x152.png": "6c715fd63424ec1e7b8af47c976e6aeabe4901f0",
    "/assets/icons/icon-192x192.png": "d74621d9a95c594ac27e9afb2b7772c317b540b0",
    "/assets/icons/icon-384x384.png": "3679209f04bb743b0bea6654665989286193ee96",
    "/assets/icons/icon-512x512.png": "470db1923b7f16713bee63662c903ce1200930a8",
    "/assets/icons/icon-72x72.png": "628a93857f7a7979894820302836ed3483e32b19",
    "/assets/icons/icon-96x96.png": "9d562d9026570be6b2e67a528830777cc2e303ce",
    "/assets/images/404.json": "0dce618ea03b356af7ede26136fb62ae653aa342",
    "/assets/images/computer.svg": "e335a48ed6476beaa95de27bc834aecd3d7e03a9",
    "/assets/images/footer.jpg": "92e10da2d6e53608a6651795f5caaa9009eb0297",
    "/assets/images/header.jpg": "d019b85773cb1bbd09b1fadb7a04143dd092925e",
    "/assets/images/loading-color.svg": "76f6701a3a2ed87eb9dfa8a8ee595aeb63fcd33b",
    "/assets/images/loading.svg": "0640a818ba51003ca2f4ccc1435d11ae1cdca0ac",
    "/assets/images/logo-app-argentina.png": "bd9b282fc270aab35a4d353cbb8eaa4b31d282a8",
    "/favicon.ico": "84161b857f5c547e3699ddfbffc6d8d737542e01",
    "/footer.b33e4807679f341b9556.jpg": "92e10da2d6e53608a6651795f5caaa9009eb0297",
    "/index.html": "906436e8f470b6a2fd9f0cb61b87c1de2498632e",
    "/loading-color.92bbc04f203c51ccf76e.svg": "76f6701a3a2ed87eb9dfa8a8ee595aeb63fcd33b",
    "/main.79d266c8b75143b65ce9.js": "8a8f0e80856926e0d3a0321ee514f1bd759b735e",
    "/manifest.webmanifest": "4fe8e84cb60f69efb1e5b4126151a6f028d7802e",
    "/polyfills-es5.557fd0845f45f40a942a.js": "26baf2a314fb82653a2b6e09a02b8d0e146a5de5",
    "/polyfills.9e7749f3ca7df7e2528e.js": "36e1c9810e82c3f0518132f96d8e40fd5c3a7d3a",
    "/runtime.f28f05fb3ce2d83aa407.js": "ba7092ccec272e91f9c213ed335e1b5d895dba92",
    "/styles.1b5a8d47fa6e37e291dd.css": "065244693cd4c1b11bb0e7b6999b8cbc4589949b"
  },
  "navigationUrls": [
    {
      "positive": true,
      "regex": "^\\/.*$"
    },
    {
      "positive": false,
      "regex": "^\\/(?:.+\\/)?[^/]*\\.[^/]*$"
    },
    {
      "positive": false,
      "regex": "^\\/(?:.+\\/)?[^/]*__[^/]*$"
    },
    {
      "positive": false,
      "regex": "^\\/(?:.+\\/)?[^/]*__[^/]*\\/.*$"
    }
  ]
}